Physics Setting,Physics Yield,Physics Yield Error,SIMC Yield,SIMC Yield Error,Data/SIMC Ratio,Data/SIMC Ratio Error
Q3p85_W2p62_t0p21_loweps_center,5.291863830022611,0.32807565851133896,0.6940623546735512,0.0010616066818089035,7.624478974243767,0.472832865937429
Q3p85_W2p62_t0p21_loweps_left,4.285078322415103,0.2691588559016809,0.4102917452882359,0.0006736469045902666,10.44397887996692,0.6562422827323068
Q3p85_W2p62_t0p21_higheps_left,19.519467134877946,1.3846487230962452,2.2109090237297875,0.011355583768176369,8.828706620387639,0.6279197543545695
Q3p85_W2p62_t0p21_higheps_center,27.23930141718113,2.4655852479883333,4.996000966204953,0.02112750108505466,5.452221006648958,0.49405007536979595
Q3p85_W2p62_t0p21_higheps_right,26.055136543363357,2.2504169157748772,6.060848820564689,0.024325955840949546,4.298925334510455,0.3717045995521304
