Physics_Setting,Beam_Energy_loweps,Beam_Energy_higheps,total_tbins,tbin_number,t_min,t_max,t_central,total_phibins,phi_central,theta_cm,data_avg_Q2,data_avg_Q2_err,data_avg_W,data_avg_W_err,simc_avg_Q2,simc_avg_Q2_err,simc_avg_W,simc_avg_W_err
Q3p85_W2p62_t0p21,6.39566,10.557302,5,1,0.16,0.236,0.198,15,180.0,5.689785008074231,3.6167567448603153,0.0015852743178291664,2.6739301952705183,0.00038809271736982943,3.658054482275735,0.00036918288779845044,2.6668390946997977,9.312328369137956e-05
Q3p85_W2p62_t0p21,6.39566,10.557302,5,2,0.236,0.272,0.254,15,180.0,9.03946556378633,3.7751113978361426,0.0019226245510684096,2.634917953344042,0.0004881104522661285,3.8193528865507655,0.0004081226465935508,2.6257472825955865,0.00010650964176967303
Q3p85_W2p62_t0p21,6.39566,10.557302,5,3,0.272,0.31,0.291,15,180.0,10.982877828388078,3.8452472270346547,0.0022884965457073206,2.61775542302772,0.0005721838601990845,3.89954587554546,0.00046783627124979266,2.6052896760560165,0.00012055621648161432
Q3p85_W2p62_t0p21,6.39566,10.557302,5,4,0.31,0.358,0.334,15,180.0,13.203682028789256,3.8855867565747144,0.0024541732790619017,2.6072658273294014,0.0006142341645794059,3.9368867398054377,0.0004921517017239244,2.5958560523427,0.00012579931993326722
Q3p85_W2p62_t0p21,6.39566,10.557302,5,5,0.358,0.5,0.429,15,180.0,17.423426340228882,3.9323582156732164,0.0023325965015661256,2.5969060289561865,0.0005817229871119549,3.976529361984418,0.0004588246780341553,2.5870469404222356,0.0001172723718415324
