Setting,Value,Error
loweps,0.00642,0.00001
mideps,0.00792,0.00003
higheps,0.00899,0.00003
