rate_HMS,HMS_track,HMS_track_uncern
55314.8792886888,0.9956,0.0003
44510.2831582893,0.9953,0.0004
44289.1363880052,0.9956,0.0005
33968.0051923735,0.9965,0.0003
11611.1612659369,0.9963,0.0002
11611.9520573502,0.9965,0.0002
11637.2890460851,0.9964,0.0003
11615.2289227423,0.9964,0.0002
55934.1728833444,0.9953,0.0004
44948.4797296245,0.9953,0.0004
34438.2496959905,0.9957,0.0004
