rate_HMS3-4,HMS_track,HMS_track_uncern
166919.867108053,0.9933,0.0004
166293.521964249,0.9937,0.0004
167238.391189518,0.9936,0.0004
166932.330150625,0.9937,0.0004
84727.1666076654,0.9953,0.0003
42532.9470645384,0.9967,0.0002
42519.5167156933,0.9967,0.0001
25652.439934204,0.9973,0.0006
25632.115210187,0.9968,0.0002
25595.1624474532,0.9968,0.0002
126743.807906514,0.9939,0.0005
126409.435213817,0.9939,0.0004
63745.7717609562,0.9959,0.0002
