H_S1X,HMS_track,HMS_track_uncern
342010.535321368,0.9949,0.0004
276947.661202125,0.9951,0.0003
212115.952687951,0.9958,0.0002
141936.474704739,0.996,0.0002
77152.4573649063,0.9968,0.0002
77195.1661503559,0.9958,0.0003
