rate_HMS3-4,HMS_track,HMS_track_uncern
136970.800689107,0.9933,0.0002
136992.362938362,0.9924,0.0003
135775.066389468,0.9928,0.0003
135842.899627884,0.9928,0.0008
86003.882876205,0.9934,0.0005
34487.9334300312,0.9953,0.0002
111534.431778886,0.9926,0.0005
51608.3340450841,0.9953,0.0003
20738.3787791016,0.9957,0.0002
