rate_HMS3-4,HMS_track,HMS_track_uncern
57106.0184563392,0.995,0.0003
56992.519415561,0.9954,0.0005
57112.9180494894,0.9945,0.0015
56969.269037912,0.995,0.0005
57271.3463469934,0.9951,0.0003
71458.9341686082,0.995,0.0004
42829.3507408933,0.9957,0.0006
43010.1259417215,0.9952,0.0003
28670.3778671513,0.9957,0.0002
17238.2743132636,0.9957,0.0002
92941.9527364735,0.994,0.0004
71609.3456017425,0.994,0.0006
