rate_SHMS3-4,SHMS_track,SHMS_track_uncern
601924.775352148,0.988,0.0007
470734.926524035,0.9913,0.0005
347856.111105973,0.9924,0.0005
223599.311554725,0.9951,0.0003
116959.825702855,0.9964,0.0003
117162.274133072,0.9966,0.0003
