rate_SHMS3-4,SHMS_track,SHMS_track_uncern
164074.032120558,0.9942,0.0009
164249.376785788,0.9942,0.0011
162581.183072949,0.9923,0.0013
162624.076536978,0.9931,0.004
103929.219499139,0.9952,0.0014
41909.5672287145,0.9949,0.0011
134383.570516279,0.9964,0.0013
62626.461124853,0.9964,0.0008
25260.0679257459,0.997,0.0006
