P_S1X,SHMS_track,SHMS_track_uncern
886763.524895497,0.9914,0.0004
884413.935599986,0.9919,0.0006
885980.800805422,0.9902,0.004
884133.66749869,0.9925,0.0013
888282.503248995,0.9914,0.0009
1098547.79527632,0.9905,0.001
669025.697948899,0.9928,0.0011
672559.387796462,0.9926,0.0006
451292.372406953,0.9928,0.0003
272848.448942598,0.9937,0.0003
1410681.76079808,0.9889,0.0007
1099468.44637897,0.99,0.001
