rate_SHMS3-4,SHMS_track,SHMS_track_uncern
270301.521547012,0.9924,0.0006
211668.25554174,0.9938,0.0006
210000.592420234,0.995,0.0005
157248.580139294,0.9945,0.0004
51010.7494341283,0.9963,0.0003
50982.4413891045,0.9961,0.0004
51082.7348732704,0.9967,0.0003
50944.2212400974,0.9961,0.0003
270811.06805207,0.9936,0.0006
212505.841825892,0.9945,0.0005
158651.716879418,0.9947,0.0004
