rate_SHMS3-4,SHMS_track,SHMS_track_uncern
209474.582570941,0.9883,0.0052
208736.730854981,0.9898,0.0051
209851.844215586,0.9922,0.0045
209511.141111899,0.9952,0.0034
106925.896332739,0.9968,0.0022
53811.8772212335,0.9912,0.0026
53747.1327027002,0.9919,0.0023
32427.55484674,1,
32418.1553310503,0.9961,0.0013
32365.2837578113,0.9934,0.0016
159450.980882321,0.9843,0.007
159067.59302292,0.9975,0.0025
80460.5705773747,0.9956,0.002
