current,yieldRel_COIN_track,uncern_yieldRel_COIN_track
61.3426933290595,1.03562494018224,0.01087322481721
49.2018273465189,1.00908983383661,0.007032410091887
37.4718131168893,1.00878498004927,0.004345436789553
24.8942744579762,1.0061138974759,0.002486737108784
13.4206187066025,1,0.001671547933363
13.4395945621814,1.01888667441813,0.001686996580335
