rate_COIN,yieldRel_COIN_track,uncern_yieldRel_COIN_track
1636.28063634427,0.989340828542323,0.008908961041979
1639.55395376542,0.992879062894844,0.008952572594914
1612.32437164799,0.988715465975809,0.00884179279779
1616.72446997728,1.02889974732532,0.009683767998394
759.560809490079,0.998829502763957,0.004746904190785
194.546873507136,1.00364207331794,0.00221761889731
1161.71635900576,0.991927224538755,0.006620394893071
344.012172763293,0.999093219114834,0.002697766949669
101.820552568552,1,0.001695440831721
