rate_COIN,yieldRel_COIN_track,uncern_yieldRel_COIN_track
2121.06536943267,0.984241763243792,0.009752557692827
1354.26356712637,0.982883264997745,0.008671833005002
781.631120921089,0.989918486179842,0.007746405222705
353.369905654584,0.990887899984404,0.0068677394191
116.212514350399,1,0.006439849175496
116.628493922412,1.00348393994503,0.006357630119581
