rate_HMS3-4,yieldRel_COIN_track,uncern_yieldRel_COIN_track
136970.800689107,0.990510325077032,0.004251402535149
136992.362938362,0.994055371519358,0.004312105670343
135775.066389468,0.989865076227016,0.004331335175589
135842.899627884,1.03009973846424,0.005832317656048
86003.882876205,0.999321511335789,0.003191168894703
34487.9334300312,1.0037105402239,0.002075514993571
111534.431778886,0.992724769932916,0.003734205661431
51608.3340450841,0.999272071581577,0.002226392254902
20738.3787791016,1,0.001685695461469
