rate_Det,yieldRel_COIN_track,uncern_yieldRel_COIN_track
301044.832809665,0.990510325077032,0.008488263765384
301241.73972415,0.994055371519358,0.008532234941806
298356.249462416,0.989865076227016,0.008430888732738
298466.976164861,1.03009973846424,0.009307928379136
189933.102375343,0.999321511335789,0.00458534396276
76397.5006587457,1.0037105402239,0.002195838557862
245918.002295165,0.992724769932916,0.006342676128971
114234.795169937,0.999272071581577,0.002641043304668
45998.4467048476,1,0.001687693971179
