DAQ Rate,yieldRel_COIN_track,uncern_yieldRel_COIN_track
2293.17218834427,1.03562494018224,0.01087322481721
1491.51805201828,1.00908983383661,0.007032410091887
945.991791786367,1.00878498004927,0.004345436789553
489.427641058703,1.0061138974759,0.002486737108784
261.245665105006,1,0.001671547933363
261.909899085702,1.01888667441813,0.001686996580335
