current,yieldRel_COIN_track,uncern_yieldRel_COIN_track
79.3448798926113,0.983330800608321,0.004755372402722
79.5033216174299,0.986207767068698,0.005000760431199
78.6440598283496,0.982717099274605,0.005032797371747
78.6668868864065,1.00679122918051,0.009879148858413
49.3470951965908,1.00278322739062,0.003853106197538
19.8524006413549,1.00570065365343,0.002244577082739
64.1433411450438,0.99362529364675,0.004788385450001
29.7359395436875,1.00394219915633,0.002531815532133
11.9503265256691,1,0.001750568561547
