rate_COIN,yieldRel_COIN_track,uncern_yieldRel_COIN_track
2121.06536943267,1.03562494018224,0.01087322481721
1354.26356712637,1.00908983383661,0.007032410091887
781.631120921089,1.00878498004927,0.004345436789553
353.369905654584,1.0061138974759,0.002486737108784
116.212514350399,1,0.001671547933363
116.628493922412,1.01888667441813,0.001686996580335
