current,yieldRel_COIN_track,uncern_yieldRel_COIN_track
61.3426933290595,1.03725089812441,0.010276889897121
49.2018273465189,1.01004388298836,0.006671864874767
37.4718131168893,1.00928826635232,0.004157453096146
24.8942744579762,1.0062903919436,0.002421605764532
13.4206187066025,1,0.001661296648978
13.4395945621814,1.01888698561246,0.001676766464568
