rate_SHMS,yieldRel_COIN_track,uncern_yieldRel_COIN_track
601924.775352148,0.989135025862991,0.004153263900362
470734.926524035,0.986568468065075,0.003334865833825
347856.111105973,0.992514610507763,0.00273363865475
223599.311554725,0.992192130328713,0.002090094826828
116959.825702855,1,0.00200437243464
117162.274133072,1.00360458551958,0.0018721196053
