rate_SHMS,yieldRel_COIN_track,uncern_yieldRel_COIN_track
601924.775352148,1.03725089812441,0.00343959009383
470734.926524035,1.01004388298836,0.00287662893845
347856.111105973,1.00928826635232,0.002403326187628
223599.311554725,1.0062903919436,0.001929524039626
116959.825702855,1,0.001641807077405
117162.274133072,1.01888698561246,0.001656921602226
