rate_SHMS,yieldRel_COIN_track,uncern_yieldRel_COIN_track
601924.775352148,1.03562494018224,0.01087322481721
470734.926524035,1.00908983383661,0.007032410091887
347856.111105973,1.00878498004927,0.004345436789553
223599.311554725,1.0061138974759,0.002486737108784
116959.825702855,1,0.001671547933363
117162.274133072,1.01888667441813,0.001686996580335
