rate_HMS3-4,yieldRel_COIN_track,uncern_yieldRel_COIN_track
174824.969539529,1.03725089812441,0.00343959009383
141117.92984712,1.01004388298836,0.00287662893845
107800.927323558,1.00928826635232,0.002403326187628
71900.1703852206,1.0062903919436,0.001929524039626
38952.0129832734,1,0.001641807077405
39014.8539232875,1.01888698561246,0.001656921602226
