current,yieldRel_COIN_track,uncern_yieldRel_COIN_track
61.3426933290595,0.972495662892399,0.003409084529555
49.2018273465189,0.971104653014483,0.002841886650958
37.4718131168893,0.988375151271429,0.002363148697167
24.8942744579762,0.998859027622207,0.001880603408125
13.4206187066025,1,0.001584890998409
13.4395945621814,1.01887378765935,0.001600541606918
