rate_Det,yieldRel_COIN_track,uncern_yieldRel_COIN_track
776749.744891677,0.972495662892399,0.005516610941817
611852.856371155,0.971104653014483,0.004492282937133
455657.03842953,0.988375151271429,0.003550703687942
295499.481939945,0.998859027622207,0.002576512279228
155911.838686128,1,0.00184794449742
156177.12805636,1.01887378765935,0.001862069679836
