rate_HMS3-4,yieldRel_COIN_track,uncern_yieldRel_COIN_track
174824.969539529,0.984241763243792,0.009752557692827
141117.92984712,0.982883264997745,0.008671833005002
107800.927323558,0.989918486179842,0.007746405222705
71900.1703852206,0.990887899984404,0.0068677394191
38952.0129832734,1,0.006439849175496
39014.8539232875,1.00348393994503,0.006357630119581
