rate_Det,yieldRel_COIN_track,uncern_yieldRel_COIN_track
301044.832809665,0.983330800608321,0.004755372402722
301241.73972415,0.986207767068698,0.005000760431199
298356.249462416,0.982717099274605,0.005032797371747
298466.976164861,1.00679122918051,0.009879148858413
189933.102375343,1.00278322739062,0.003853106197538
76397.5006587457,1.00570065365343,0.002244577082739
245918.002295165,0.99362529364675,0.004788385450001
114234.795169937,1.00394219915633,0.002531815532133
45998.4467048476,1,0.001750568561547
