rate_SHMS,yieldRel_COIN_track,uncern_yieldRel_COIN_track
601924.775352148,0.972495662892399,0.005516610941817
470734.926524035,0.971104653014483,0.004492282937133
347856.111105973,0.988375151271429,0.003550703687942
223599.311554725,0.998859027622207,0.002576512279228
116959.825702855,1,0.00184794449742
117162.274133072,1.01887378765935,0.001862069679836
