DAQ Rate,yieldRel_COIN_track,uncern_yieldRel_COIN_track
2019.94524224736,0.983330800608321,0.004755372402722
2023.60967400944,0.986207767068698,0.005000760431199
1992.83898485137,0.982717099274605,0.005032797371747
1997.37869631471,1.00679122918051,0.009879148858413
932.026033562195,1.00278322739062,0.003853106197538
390.979122380352,1.00570065365343,0.002244577082739
1384.58071220874,0.99362529364675,0.004788385450001
551.874918300133,1.00394219915633,0.002531815532133
269.29783882135,1,0.001750568561547
