rate_HMS3-4,yieldRel_COIN_track,uncern_yieldRel_COIN_track
174824.969539529,0.972495662892399,0.005516610941817
141117.92984712,0.971104653014483,0.004492282937133
107800.927323558,0.988375151271429,0.003550703687942
71900.1703852206,0.998859027622207,0.002576512279228
38952.0129832734,1,0.00184794449742
39014.8539232875,1.01887378765935,0.001862069679836
