rate_HMS3-4,yieldRel_COIN_track,uncern_yieldRel_COIN_track
174824.969539529,0.972495662892399,0.003409084529555
141117.92984712,0.971104653014483,0.002841886650958
107800.927323558,0.988375151271429,0.002363148697167
71900.1703852206,0.998859027622207,0.001880603408125
38952.0129832734,1,0.001584890998409
39014.8539232875,1.01887378765935,0.001600541606918
