current,yieldRel_COIN_track,uncern_yieldRel_COIN_track
79.3448798926113,0.989340828542323,0.008908961041979
79.5033216174299,0.992879062894844,0.008952572594914
78.6440598283496,0.988715465975809,0.00884179279779
78.6668868864065,1.02889974732532,0.009683767998394
49.3470951965908,0.998829502763957,0.004746904190785
19.8524006413549,1.00364207331794,0.00221761889731
64.1433411450438,0.991927224538755,0.006620394893071
29.7359395436875,0.999093219114834,0.002697766949669
11.9503265256691,1,0.001695440831721
