rate_COIN,yieldRel_COIN_track,uncern_yieldRel_COIN_track
2121.06536943267,0.972495662892399,0.003409084529555
1354.26356712637,0.971104653014483,0.002841886650958
781.631120921089,0.988375151271429,0.002363148697167
353.369905654584,0.998859027622207,0.001880603408125
116.212514350399,1,0.001584890998409
116.628493922412,1.01887378765935,0.001600541606918
