rate_SHMS,yieldRel_COIN_track,uncern_yieldRel_COIN_track
601924.775352148,0.972495662892399,0.003409084529555
470734.926524035,0.971104653014483,0.002841886650958
347856.111105973,0.988375151271429,0.002363148697167
223599.311554725,0.998859027622207,0.001880603408125
116959.825702855,1,0.001584890998409
117162.274133072,1.01887378765935,0.001600541606918
