rate_COIN,yieldRel_COIN_track,uncern_yieldRel_COIN_track
1636.28063634427,0.943202979851463,0.004227537049695
1639.55395376542,0.946477435397977,0.004288572955536
1612.32437164799,0.94332663804857,0.004307949271623
1616.72446997728,0.981528593609351,0.005814966352616
759.560809490079,0.978863018592437,0.003161063496232
194.546873507136,1.0008136936895,0.002030569438918
1161.71635900576,0.959975169415435,0.003707839339333
344.012172763293,0.991739264644539,0.002184156134436
101.820552568552,1,0.001630362746139
