rate_COIN,yieldRel_COIN_track,uncern_yieldRel_COIN_track
1636.28063634427,0.990510325077032,0.004251402535149
1639.55395376542,0.994055371519358,0.004312105670343
1612.32437164799,0.989865076227016,0.004331335175589
1616.72446997728,1.03009973846424,0.005832317656048
759.560809490079,0.999321511335789,0.003191168894703
194.546873507136,1.0037105402239,0.002075514993571
1161.71635900576,0.992724769932916,0.003734205661431
344.012172763293,0.999272071581577,0.002226392254902
101.820552568552,1,0.001685695461469
