current,yieldRel_COIN_track,uncern_yieldRel_COIN_track
79.3448798926113,0.943202979851463,0.004227537049695
79.5033216174299,0.946477435397977,0.004288572955536
78.6440598283496,0.94332663804857,0.004307949271623
78.6668868864065,0.981528593609351,0.005814966352616
49.3470951965908,0.978863018592437,0.003161063496232
19.8524006413549,1.0008136936895,0.002030569438918
64.1433411450438,0.959975169415435,0.003707839339333
29.7359395436875,0.991739264644539,0.002184156134436
11.9503265256691,1,0.001630362746139
