rate_HMS3-4,yieldRel_COIN_track,uncern_yieldRel_COIN_track
136970.800689107,0.990510325077032,0.008488263765384
136992.362938362,0.994055371519358,0.008532234941806
135775.066389468,0.989865076227016,0.008430888732738
135842.899627884,1.03009973846424,0.009307928379136
86003.882876205,0.999321511335789,0.00458534396276
34487.9334300312,1.0037105402239,0.002195838557862
111534.431778886,0.992724769932916,0.006342676128971
51608.3340450841,0.999272071581577,0.002641043304668
20738.3787791016,1,0.001687693971179
