rate_Det,yieldRel_COIN_track,uncern_yieldRel_COIN_track
776749.744891677,1.03725089812441,0.00343959009383
611852.856371155,1.01004388298836,0.00287662893845
455657.03842953,1.00928826635232,0.002403326187628
295499.481939945,1.0062903919436,0.001929524039626
155911.838686128,1,0.001641807077405
156177.12805636,1.01888698561246,0.001656921602226
