rate_COIN,yieldRel_COIN_track,uncern_yieldRel_COIN_track
1636.28063634427,0.943202979851463,0.00702086099389426
1639.55395376542,0.946477435397977,0.00706667817469784
1612.32437164799,0.94332663804857,0.00703036429140916
1616.72446997728,0.981528593609351,0.00804359111812303
759.560809490079,0.978863018592437,0.00470526970030149
194.546873507136,1.0008136936895,0.00246683834329898
1161.71635900576,0.959975169415435,0.00585475884181138
344.012172763293,0.991739264644539,0.00302943060395592
101.820552568552,1,0.00183507109623539
