rate_COIN,yieldRel_COIN_track,uncern_yieldRel_COIN_track
2121.06536943267,1.03725089812441,0.010276889897121
1354.26356712637,1.01004388298836,0.006671864874767
781.631120921089,1.00928826635232,0.004157453096146
353.369905654584,1.0062903919436,0.002421605764532
116.212514350399,1,0.001661296648978
116.628493922412,1.01888698561246,0.001676766464568
