current,yieldRel_COIN_track,uncern_yieldRel_COIN_track
61.3426933290595,0.989135025862991,0.004153263900362
49.2018273465189,0.986568468065075,0.003334865833825
37.4718131168893,0.992514610507763,0.00273363865475
24.8942744579762,0.992192130328713,0.002090094826828
13.4206187066025,1,0.00200437243464
13.4395945621814,1.00360458551958,0.0018721196053
