rate_Det,yieldRel_COIN_track,uncern_yieldRel_COIN_track
776749.744891677,1.03725089812441,0.010276889897121
611852.856371155,1.01004388298836,0.006671864874767
455657.03842953,1.00928826635232,0.004157453096146
295499.481939945,1.0062903919436,0.002421605764532
155911.838686128,1,0.001661296648978
156177.12805636,1.01888698561246,0.001676766464568
