rate_Det,yieldRel_COIN_track,uncern_yieldRel_COIN_track
776749.744891677,0.972495662892399,0.003409084529555
611852.856371155,0.971104653014483,0.002841886650958
455657.03842953,0.988375151271429,0.002363148697167
295499.481939945,0.998859027622207,0.001880603408125
155911.838686128,1,0.001584890998409
156177.12805636,1.01887378765935,0.001600541606918
