current,yieldRel_COIN_track,uncern_yieldRel_COIN_track
79.3448798926113,0.983554282516562,0.007640795611271
79.5033216174299,0.98640503978263,0.007801985933409
78.6440598283496,0.982937188180666,0.007819486014181
78.6668868864065,1.00631776313136,0.011561252232587
49.3470951965908,1.00265432354261,0.006949224784524
19.8524006413549,1.00900335353302,0.017801513014699
64.1433411450438,1.00063921301918,0.029337319475283
29.7359395436875,1.00387047772664,0.006209679380176
11.9503265256691,1,0.005840576447704
