rate_HMS3-4,yieldRel_COIN_track,uncern_yieldRel_COIN_track
136970.800689107,0.943202979851463,0.004227537049695
136992.362938362,0.946477435397977,0.004288572955536
135775.066389468,0.94332663804857,0.004307949271623
135842.899627884,0.981528593609351,0.005814966352616
86003.882876205,0.978863018592437,0.003161063496232
34487.9334300312,1.0008136936895,0.002030569438918
111534.431778886,0.959975169415435,0.003707839339333
51608.3340450841,0.991739264644539,0.002184156134436
20738.3787791016,1,0.001630362746139
