DAQ Rate,yieldRel_COIN_track,uncern_yieldRel_COIN_track
2019.94524224736,0.983554282516562,0.007640795611271
2023.60967400944,0.98640503978263,0.007801985933409
1992.83898485137,0.982937188180666,0.007819486014181
1997.37869631471,1.00631776313136,0.011561252232587
932.026033562195,1.00265432354261,0.006949224784524
390.979122380352,1.00900335353302,0.017801513014699
1384.58071220874,1.00063921301918,0.029337319475283
551.874918300133,1.00387047772664,0.006209679380176
269.29783882135,1,0.005840576447704
