rate_COIN,yieldRel_COIN_track,uncern_yieldRel_COIN_track
1636.28063634427,0.983554282516562,0.007640795611271
1639.55395376542,0.98640503978263,0.007801985933409
1612.32437164799,0.982937188180666,0.007819486014181
1616.72446997728,1.00631776313136,0.011561252232587
759.560809490079,1.00265432354261,0.006949224784524
194.546873507136,1.00900335353302,0.017801513014699
1161.71635900576,1.00063921301918,0.029337319475283
344.012172763293,1.00387047772664,0.006209679380176
101.820552568552,1,0.005840576447704
