rate_HMS3-4,yieldRel_COIN_track,uncern_yieldRel_COIN_track
136970.800689107,0.983330800608321,0.004755372402722
136992.362938362,0.986207767068698,0.005000760431199
135775.066389468,0.982717099274605,0.005032797371747
135842.899627884,1.00679122918051,0.009879148858413
86003.882876205,1.00278322739062,0.003853106197538
34487.9334300312,1.00570065365343,0.002244577082739
111534.431778886,0.99362529364675,0.004788385450001
51608.3340450841,1.00394219915633,0.002531815532133
20738.3787791016,1,0.001750568561547
