rate_COIN,yieldRel_COIN_track,uncern_yieldRel_COIN_track
2121.06536943267,0.972495662892399,0.005516610941817
1354.26356712637,0.971104653014483,0.004492282937133
781.631120921089,0.988375151271429,0.003550703687942
353.369905654584,0.998859027622207,0.002576512279228
116.212514350399,1,0.00184794449742
116.628493922412,1.01887378765935,0.001862069679836
