rate_SHMS3-4,yieldRel_COIN_track,uncern_yieldRel_COIN_track
164074.032120558,0.989340828542323,0.008908961041979
164249.376785788,0.992879062894844,0.008952572594914
162581.183072949,0.988715465975809,0.00884179279779
162624.076536978,1.02889974732532,0.009683767998394
103929.219499139,0.998829502763957,0.004746904190785
41909.5672287145,1.00364207331794,0.00221761889731
134383.570516279,0.991927224538755,0.006620394893071
62626.461124853,0.999093219114834,0.002697766949669
25260.0679257459,1,0.001695440831721
