rate_SHMS3-4,yieldRel_COIN_track,uncern_yieldRel_COIN_track
164074.032120558,0.990510325077032,0.008488263765384
164249.376785788,0.994055371519358,0.008532234941806
162581.183072949,0.989865076227016,0.008430888732738
162624.076536978,1.03009973846424,0.009307928379136
103929.219499139,0.999321511335789,0.00458534396276
41909.5672287145,1.0037105402239,0.002195838557862
134383.570516279,0.992724769932916,0.006342676128971
62626.461124853,0.999272071581577,0.002641043304668
25260.0679257459,1,0.001687693971179
