DAQ Rate,yieldRel_COIN_track,uncern_yieldRel_COIN_track
2019.94524224736,0.989340828542323,0.008908961041979
2023.60967400944,0.992879062894844,0.008952572594914
1992.83898485137,0.988715465975809,0.00884179279779
1997.37869631471,1.02889974732532,0.009683767998394
932.026033562195,0.998829502763957,0.004746904190785
390.979122380352,1.00364207331794,0.00221761889731
1384.58071220874,0.991927224538755,0.006620394893071
551.874918300133,0.999093219114834,0.002697766949669
269.29783882135,1,0.001695440831721
