rate_Det,yieldRel_COIN_track,uncern_yieldRel_COIN_track
301044.832809665,0.943202979851463,0.007020860993894
301241.73972415,0.946477435397977,0.007066678174698
298356.249462416,0.94332663804857,0.007030364291409
298466.976164861,0.981528593609351,0.008043591118123
189933.102375343,0.978863018592437,0.004705269700302
76397.5006587457,1.0008136936895,0.002466838343299
245918.002295165,0.959975169415435,0.005854758841811
114234.795169937,0.991739264644539,0.003029430603956
45998.4467048476,1,0.001835071096235
