DAQ Rate,yieldRel_COIN_track,uncern_yieldRel_COIN_track
2293.17218834427,0.984241763243792,0.009752557692827
1491.51805201828,0.982883264997745,0.008671833005002
945.991791786367,0.989918486179842,0.007746405222705
489.427641058703,0.990887899984404,0.0068677394191
261.245665105006,1,0.006439849175496
261.909899085702,1.00348393994503,0.006357630119581
