current,yieldRel_COIN_track,uncern_yieldRel_COIN_track
79.3448798926113,0.990510325077032,0.004251402535149
79.5033216174299,0.994055371519358,0.004312105670343
78.6440598283496,0.989865076227016,0.004331335175589
78.6668868864065,1.03009973846424,0.005832317656048
49.3470951965908,0.999321511335789,0.003191168894703
19.8524006413549,1.0037105402239,0.002075514993571
64.1433411450438,0.992724769932916,0.003734205661431
29.7359395436875,0.999272071581577,0.002226392254902
11.9503265256691,1,0.001685695461469
