rate_Det,yieldRel_COIN_track,uncern_yieldRel_COIN_track
301044.832809665,0.983554282516562,0.007640795611271
301241.73972415,0.98640503978263,0.007801985933409
298356.249462416,0.982937188180666,0.007819486014181
298466.976164861,1.00631776313136,0.011561252232587
189933.102375343,1.00265432354261,0.006949224784524
76397.5006587457,1.00900335353302,0.017801513014699
245918.002295165,1.00063921301918,0.029337319475283
114234.795169937,1.00387047772664,0.006209679380176
45998.4467048476,1,0.005840576447704
