rate_COIN,yieldRel_COIN_track,uncern_yieldRel_COIN_track
2121.06536943267,0.989135025862991,0.004153263900362
1354.26356712637,0.986568468065075,0.003334865833825
781.631120921089,0.992514610507763,0.00273363865475
353.369905654584,0.992192130328713,0.002090094826828
116.212514350399,1,0.00200437243464
116.628493922412,1.00360458551958,0.0018721196053
