rate_SHMS,yieldRel_COIN_track,uncern_yieldRel_COIN_track
601924.775352148,1.03725089812441,0.010276889897121
470734.926524035,1.01004388298836,0.006671864874767
347856.111105973,1.00928826635232,0.004157453096146
223599.311554725,1.0062903919436,0.002421605764532
116959.825702855,1,0.001661296648978
117162.274133072,1.01888698561246,0.001676766464568
