rate_SHMS3-4,yieldRel_COIN_track,uncern_yieldRel_COIN_track
164074.032120558,0.983554282516562,0.007640795611271
164249.376785788,0.98640503978263,0.007801985933409
162581.183072949,0.982937188180666,0.007819486014181
162624.076536978,1.00631776313136,0.011561252232587
103929.219499139,1.00265432354261,0.006949224784524
41909.5672287145,1.00900335353302,0.017801513014699
134383.570516279,1.00063921301918,0.029337319475283
62626.461124853,1.00387047772664,0.006209679380176
25260.0679257459,1,0.005840576447704
