DAQ Rate,yieldRel_COIN_track,uncern_yieldRel_COIN_track
2019.94524224736,0.980987083205822,0.004427627647086
2023.60967400944,0.983803077923139,0.004694866731329
1992.83898485137,0.980338800527956,0.004752043867656
1997.37869631471,1.0043094833069,0.009782111281722
932.026033562195,1.00117518479076,0.003820444406796
390.979122380352,1.00528793637419,0.002313678453449
1384.58071220874,0.991625247907722,0.004656996473157
551.874918300133,1.00297842998902,0.00261593177122
269.29783882135,1,0.001818513380082
