current,yieldRel_COIN_track,uncern_yieldRel_COIN_track
61.3426933290595,0.984241763243792,0.009752557692827
49.2018273465189,0.982883264997745,0.008671833005002
37.4718131168893,0.989918486179842,0.007746405222705
24.8942744579762,0.990887899984404,0.0068677394191
13.4206187066025,1,0.006439849175496
13.4395945621814,1.00348393994503,0.006357630119581
