current,yieldRel_COIN_track,uncern_yieldRel_COIN_track
79.3448798926113,0.990510325077032,0.008488263765384
79.5033216174299,0.994055371519358,0.008532234941806
78.6440598283496,0.989865076227016,0.008430888732738
78.6668868864065,1.03009973846424,0.009307928379136
49.3470951965908,0.999321511335789,0.00458534396276
19.8524006413549,1.0037105402239,0.002195838557862
64.1433411450438,0.992724769932916,0.006342676128971
29.7359395436875,0.999272071581577,0.002641043304668
11.9503265256691,1,0.001687693971179
