current,yieldRel_COIN_track,uncern_yieldRel_COIN_track
61.3426933290595,1.03725089812441,0.00343959009383
49.2018273465189,1.01004388298836,0.00287662893845
37.4718131168893,1.00928826635232,0.002403326187628
24.8942744579762,1.0062903919436,0.001929524039626
13.4206187066025,1,0.001641807077405
13.4395945621814,1.01888698561246,0.001656921602226
