rate_Det,yieldRel_COIN_track,uncern_yieldRel_COIN_track
301044.832809665,0.989340828542323,0.008908961041979
301241.73972415,0.992879062894844,0.008952572594914
298356.249462416,0.988715465975809,0.00884179279779
298466.976164861,1.02889974732532,0.009683767998394
189933.102375343,0.998829502763957,0.004746904190785
76397.5006587457,1.00364207331794,0.00221761889731
245918.002295165,0.991927224538755,0.006620394893071
114234.795169937,0.999093219114834,0.002697766949669
45998.4467048476,1,0.001695440831721
