rate_HMS3-4,yieldRel_COIN_track,uncern_yieldRel_COIN_track
136970.800689107,0.983554282516562,0.007640795611271
136992.362938362,0.98640503978263,0.007801985933409
135775.066389468,0.982937188180666,0.007819486014181
135842.899627884,1.00631776313136,0.011561252232587
86003.882876205,1.00265432354261,0.006949224784524
34487.9334300312,1.00900335353302,0.017801513014699
111534.431778886,1.00063921301918,0.029337319475283
51608.3340450841,1.00387047772664,0.006209679380176
20738.3787791016,1,0.005840576447704
