rate_SHMS3-4,yieldRel_COIN_track,uncern_yieldRel_COIN_track
164074.032120558,0.990510325077032,0.004251402535149
164249.376785788,0.994055371519358,0.004312105670343
162581.183072949,0.989865076227016,0.004331335175589
162624.076536978,1.03009973846424,0.005832317656048
103929.219499139,0.999321511335789,0.003191168894703
41909.5672287145,1.0037105402239,0.002075514993571
134383.570516279,0.992724769932916,0.003734205661431
62626.461124853,0.999272071581577,0.002226392254902
25260.0679257459,1,0.001685695461469
