rate_Det,yieldRel_COIN_track,uncern_yieldRel_COIN_track
776749.744891677,0.989135025862991,0.004153263900362
611852.856371155,0.986568468065075,0.003334865833825
455657.03842953,0.992514610507763,0.00273363865475
295499.481939945,0.992192130328713,0.002090094826828
155911.838686128,1,0.00200437243464
156177.12805636,1.00360458551958,0.0018721196053
