rate_HMS3-4,yieldRel_COIN_track,uncern_yieldRel_COIN_track
136970.800689107,0.943202979851463,0.007020860993894
136992.362938362,0.946477435397977,0.007066678174698
135775.066389468,0.94332663804857,0.007030364291409
135842.899627884,0.981528593609351,0.008043591118123
86003.882876205,0.978863018592437,0.004705269700302
34487.9334300312,1.0008136936895,0.002466838343299
111534.431778886,0.959975169415435,0.005854758841811
51608.3340450841,0.991739264644539,0.003029430603956
20738.3787791016,1,0.001835071096235
