rate_Det,yieldRel_COIN_track,uncern_yieldRel_COIN_track
776749.744891677,0.984241763243792,0.009752557692827
611852.856371155,0.982883264997745,0.008671833005002
455657.03842953,0.989918486179842,0.007746405222705
295499.481939945,0.990887899984404,0.0068677394191
155911.838686128,1,0.006439849175496
156177.12805636,1.00348393994503,0.006357630119581
