current,yieldRel_COIN_track,uncern_yieldRel_COIN_track
79.3448798926113,0.943202979851463,0.007020860993894
79.5033216174299,0.946477435397977,0.007066678174698
78.6440598283496,0.94332663804857,0.007030364291409
78.6668868864065,0.981528593609351,0.008043591118123
49.3470951965908,0.978863018592437,0.004705269700302
19.8524006413549,1.0008136936895,0.002466838343299
64.1433411450438,0.959975169415435,0.005854758841811
29.7359395436875,0.991739264644539,0.003029430603956
11.9503265256691,1,0.001835071096235
