rate_SHMS,yieldRel_COIN_track,uncern_yieldRel_COIN_track
601924.775352148,0.984241763243792,0.009752557692827
470734.926524035,0.982883264997745,0.008671833005002
347856.111105973,0.989918486179842,0.007746405222705
223599.311554725,0.990887899984404,0.0068677394191
116959.825702855,1,0.006439849175496
117162.274133072,1.00348393994503,0.006357630119581
