rate_HMS3-4,yieldRel_COIN_track,uncern_yieldRel_COIN_track
174824.969539529,1.03562494018224,0.01087322481721
141117.92984712,1.00908983383661,0.007032410091887
107800.927323558,1.00878498004927,0.004345436789553
71900.1703852206,1.0061138974759,0.002486737108784
38952.0129832734,1,0.001671547933363
39014.8539232875,1.01888667441813,0.001686996580335
