rate_SHMS3-4,yieldRel_COIN_track,uncern_yieldRel_COIN_track
164074.032120558,0.943202979851463,0.007020860993894
164249.376785788,0.946477435397977,0.007066678174698
162581.183072949,0.94332663804857,0.007030364291409
162624.076536978,0.981528593609351,0.008043591118123
103929.219499139,0.978863018592437,0.004705269700302
41909.5672287145,1.0008136936895,0.002466838343299
134383.570516279,0.959975169415435,0.005854758841811
62626.461124853,0.991739264644539,0.003029430603956
25260.0679257459,1,0.001835071096235
