rate_COIN,yieldRel_COIN_track,uncern_yieldRel_COIN_track
1636.28063634427,0.990510325077032,0.008488263765384
1639.55395376542,0.994055371519358,0.008532234941806
1612.32437164799,0.989865076227016,0.008430888732738
1616.72446997728,1.03009973846424,0.009307928379136
759.560809490079,0.999321511335789,0.00458534396276
194.546873507136,1.0037105402239,0.002195838557862
1161.71635900576,0.992724769932916,0.006342676128971
344.012172763293,0.999272071581577,0.002641043304668
101.820552568552,1,0.001687693971179
