rate_Det,yieldRel_COIN_track,uncern_yieldRel_COIN_track
301044.832809665,0.943202979851463,0.004227537049695
301241.73972415,0.946477435397977,0.004288572955536
298356.249462416,0.94332663804857,0.004307949271623
298466.976164861,0.981528593609351,0.005814966352616
189933.102375343,0.978863018592437,0.003161063496232
76397.5006587457,1.0008136936895,0.002030569438918
245918.002295165,0.959975169415435,0.003707839339333
114234.795169937,0.991739264644539,0.002184156134436
45998.4467048476,1,0.001630362746139
