rate_HMS3-4,yieldRel_COIN_track,uncern_yieldRel_COIN_track
174824.969539529,1.03725089812441,0.010276889897121
141117.92984712,1.01004388298836,0.006671864874767
107800.927323558,1.00928826635232,0.004157453096146
71900.1703852206,1.0062903919436,0.002421605764532
38952.0129832734,1,0.001661296648978
39014.8539232875,1.01888698561246,0.001676766464568
