rate_COIN,yieldRel_COIN_track,uncern_yieldRel_COIN_track
2121.06536943267,1.03725089812441,0.00343959009383
1354.26356712637,1.01004388298836,0.00287662893845
781.631120921089,1.00928826635232,0.002403326187628
353.369905654584,1.0062903919436,0.001929524039626
116.212514350399,1,0.001641807077405
116.628493922412,1.01888698561246,0.001656921602226
