rate_HMS3-4,yieldRel_COIN_track,uncern_yieldRel_COIN_track
174824.969539529,0.989135025862991,0.004153263900362
141117.92984712,0.986568468065075,0.003334865833825
107800.927323558,0.992514610507763,0.00273363865475
71900.1703852206,0.992192130328713,0.002090094826828
38952.0129832734,1,0.00200437243464
39014.8539232875,1.00360458551958,0.0018721196053
