rate_SHMS3-4,yieldRel_COIN_track,uncern_yieldRel_COIN_track
164074.032120558,0.983330800608321,0.004755372402722
164249.376785788,0.986207767068698,0.005000760431199
162581.183072949,0.982717099274605,0.005032797371747
162624.076536978,1.00679122918051,0.009879148858413
103929.219499139,1.00278322739062,0.003853106197538
41909.5672287145,1.00570065365343,0.002244577082739
134383.570516279,0.99362529364675,0.004788385450001
62626.461124853,1.00394219915633,0.002531815532133
25260.0679257459,1,0.001750568561547
