DAQ Rate,yieldRel_COIN_track,uncern_yieldRel_COIN_track
2293.17218834427,0.989135025862991,0.004153263900362
1491.51805201828,0.986568468065075,0.003334865833825
945.991791786367,0.992514610507763,0.00273363865475
489.427641058703,0.992192130328713,0.002090094826828
261.245665105006,1,0.00200437243464
261.909899085702,1.00360458551958,0.0018721196053
