rate_COIN,yieldRel_COIN_track,uncern_yieldRel_COIN_track
1636.28063634427,0.983330800608321,0.004755372402722
1639.55395376542,0.986207767068698,0.005000760431199
1612.32437164799,0.982717099274605,0.005032797371747
1616.72446997728,1.00679122918051,0.009879148858413
759.560809490079,1.00278322739062,0.003853106197538
194.546873507136,1.00570065365343,0.002244577082739
1161.71635900576,0.99362529364675,0.004788385450001
344.012172763293,1.00394219915633,0.002531815532133
101.820552568552,1,0.001750568561547
