rate_SHMS3-4,yieldRel_COIN_track,uncern_yieldRel_COIN_track
164074.032120558,0.980987083205822,0.004427627647086
164249.376785788,0.983803077923139,0.004694866731329
162581.183072949,0.980338800527956,0.004752043867656
162624.076536978,1.0043094833069,0.009782111281722
103929.219499139,1.00117518479076,0.003820444406796
41909.5672287145,1.00528793637419,0.002313678453449
134383.570516279,0.991625247907722,0.004656996473157
62626.461124853,1.00297842998902,0.00261593177122
25260.0679257459,1,0.001818513380082
