rate_HMS3-4,yieldRel_COIN_track,uncern_yieldRel_COIN_track
136970.800689107,0.989340828542323,0.008908961041979
136992.362938362,0.992879062894844,0.008952572594914
135775.066389468,0.988715465975809,0.00884179279779
135842.899627884,1.02889974732532,0.009683767998394
86003.882876205,0.998829502763957,0.004746904190785
34487.9334300312,1.00364207331794,0.00221761889731
111534.431778886,0.991927224538755,0.006620394893071
51608.3340450841,0.999093219114834,0.002697766949669
20738.3787791016,1,0.001695440831721
