rate_Det,yieldRel_COIN_track,uncern_yieldRel_COIN_track
776749.744891677,1.03562494018224,0.01087322481721
611852.856371155,1.00908983383661,0.007032410091887
455657.03842953,1.00878498004927,0.004345436789553
295499.481939945,1.0061138974759,0.002486737108784
155911.838686128,1,0.001671547933363
156177.12805636,1.01888667441813,0.001686996580335
